kind,model,n_runs,mean_ret_mean,ann_sharpe_mean,maxdd_mean,worst5_mean,mean_ret_std,ann_sharpe_std,seed
random_top30,Random Top30 mean over seeds,100,0.0117991113967615,2.4995442764235443,-0.5696596676875535,-0.057943456020804085,1.0659388891004195e-17,3.772712755413392e-15,
model,Action Admission Base,1,0.041234399192258984,3.1082819342761634,-0.5542686967028548,-0.09702832192954382,,,
model,CAMP SPD-Geometric PPO,1,0.04006286773624636,3.442246287311091,-0.3027130017034604,-0.07642284418427128,,,
